"simulation_cs","simulation_te","M5","crime"
4,128,625,81
12,1024,10625,729
22,1312,25420,9342
0.113109974861145,1.61195993423462,1557.99508500099,310.977547168732
